ID,Song Title,Has Banner
var-1,Gargoyle,false
var-10,Destr0yer,false
var-11,Crash-Landing Rendezvous,false
var-12,Can I friend you on Bassbook? lol,false
var-13,Entrance (PIU Edit),false
var-14,Bamboo,false
var-15,PHYSALIS,false
var-16,Aragami,false
var-17,R.I.P.,false
var-18,GOODBOUNCE,false
var-19,Acquire,false
var-2,Conflict,false
var-20,CO5M1C R4ILR0AD,false
var-21,Re : End of Dream,false
var-22,Phalanx “RS2018 edit”,false
var-23,Danger & Danger,false
var-24,8 6,false
var-25,Nakakapagpabagabag,false
var-26,Achluoias,false
var-27,MATADOR,false
var-28,Baroque Virus,false
var-29,Passacaglia,false
var-3,BRAIN POWER,false
var-30,Allegro Con Fuoco,false
var-4,Life is PIANO,false
var-5,Mopemope,false
var-6,GOODTEK,false
var-7,Altale,false
var-8,PUPA,false
var-9,Halcyon,false
